start_date,Time,temperature,wind,precipi_
2018-11-01,5:56 PM,59 F,3 mph,0.0 in
2018-11-01,6:56 PM,56 F,3 mph,0.0 in
2018-11-01,7:56 PM,57 F,0 mph,0.0 in
2018-11-01,8:56 PM,56 F,5 mph,0.0 in
2018-11-01,9:56 PM,56 F,0 mph,0.0 in
2018-11-01,10:56 PM,55 F,3 mph,0.0 in
2018-11-01,11:56 PM,56 F,0 mph,0.0 in
2018-11-01,12:56 AM,59 F,0 mph,0.0 in
2018-11-01,1:56 AM,62 F,5 mph,0.0 in
2018-11-01,2:56 AM,65 F,3 mph,0.0 in
2018-11-01,3:56 AM,67 F,3 mph,0.0 in
2018-11-01,4:56 AM,67 F,3 mph,0.0 in
2018-11-01,5:56 AM,76 F,0 mph,0.0 in
2018-11-01,6:56 AM,77 F,0 mph,0.0 in
2018-11-01,7:56 AM,82 F,0 mph,0.0 in
2018-11-01,8:56 AM,79 F,0 mph,0.0 in
2018-11-01,9:56 AM,76 F,12 mph,0.0 in
2018-11-01,10:56 AM,72 F,14 mph,0.0 in
2018-11-01,11:56 AM,68 F,14 mph,0.0 in
2018-11-01,12:56 PM,67 F,13 mph,0.0 in
2018-11-01,1:56 PM,64 F,8 mph,0.0 in
2018-11-01,2:56 PM,64 F,8 mph,0.0 in
2018-11-01,3:56 PM,65 F,6 mph,0.0 in
2018-11-01,4:56 PM,61 F,3 mph,0.0 in
2018-11-02,5:56 PM,59 F,9 mph,0.0 in
2018-11-02,6:56 PM,59 F,8 mph,0.0 in
2018-11-02,7:56 PM,56 F,5 mph,0.0 in
2018-11-02,8:56 PM,55 F,6 mph,0.0 in
2018-11-02,9:56 PM,55 F,6 mph,0.0 in
2018-11-02,10:56 PM,55 F,0 mph,0.0 in
2018-11-02,11:56 PM,55 F,7 mph,0.0 in
2018-11-02,12:56 AM,55 F,5 mph,0.0 in
2018-11-02,1:56 AM,61 F,0 mph,0.0 in
2018-11-02,2:56 AM,65 F,0 mph,0.0 in
2018-11-02,3:56 AM,64 F,5 mph,0.0 in
2018-11-02,4:56 AM,67 F,6 mph,0.0 in
2018-11-02,5:56 AM,72 F,7 mph,0.0 in
2018-11-02,6:56 AM,68 F,18 mph,0.0 in
2018-11-02,7:56 AM,73 F,15 mph,0.0 in
2018-11-02,8:56 AM,70 F,17 mph,0.0 in
2018-11-02,9:56 AM,67 F,14 mph,0.0 in
2018-11-02,10:56 AM,64 F,13 mph,0.0 in
2018-11-02,11:56 AM,61 F,14 mph,0.0 in
2018-11-02,12:56 PM,61 F,9 mph,0.0 in
2018-11-02,1:56 PM,61 F,7 mph,0.0 in
2018-11-02,2:56 PM,61 F,6 mph,0.0 in
2018-11-02,3:56 PM,62 F,6 mph,0.0 in
2018-11-02,4:56 PM,58 F,8 mph,0.0 in
2018-11-03,5:56 PM,56 F,3 mph,0.0 in
2018-11-03,6:56 PM,56 F,5 mph,0.0 in
2018-11-03,7:56 PM,55 F,5 mph,0.0 in
2018-11-03,8:56 PM,56 F,3 mph,0.0 in
2018-11-03,9:56 PM,53 F,3 mph,0.0 in
2018-11-03,10:56 PM,55 F,5 mph,0.0 in
2018-11-03,11:56 PM,53 F,3 mph,0.0 in
2018-11-03,12:56 AM,56 F,3 mph,0.0 in
2018-11-03,1:56 AM,58 F,0 mph,0.0 in
2018-11-03,2:56 AM,66 F,0 mph,0.0 in
2018-11-03,3:56 AM,67 F,5 mph,0.0 in
2018-11-03,4:56 AM,69 F,3 mph,0.0 in
2018-11-03,5:56 AM,69 F,5 mph,0.0 in
2018-11-03,6:56 AM,77 F,7 mph,0.0 in
2018-11-03,7:56 AM,78 F,13 mph,0.0 in
2018-11-03,8:56 AM,77 F,10 mph,0.0 in
2018-11-03,9:56 AM,70 F,15 mph,0.0 in
2018-11-03,10:56 AM,67 F,13 mph,0.0 in
2018-11-03,11:56 AM,61 F,7 mph,0.0 in
2018-11-03,12:56 PM,59 F,6 mph,0.0 in
2018-11-03,1:56 PM,59 F,8 mph,0.0 in
2018-11-03,2:56 PM,58 F,7 mph,0.0 in
2018-11-03,3:56 PM,59 F,8 mph,0.0 in
2018-11-03,4:56 PM,58 F,7 mph,0.0 in
2018-11-04,5:56 PM,56 F,3 mph,0.0 in
2018-11-04,6:56 PM,56 F,5 mph,0.0 in
2018-11-04,7:56 PM,55 F,5 mph,0.0 in
2018-11-04,8:56 PM,56 F,3 mph,0.0 in
2018-11-04,9:56 PM,53 F,3 mph,0.0 in
2018-11-04,10:56 PM,55 F,5 mph,0.0 in
2018-11-04,11:56 PM,53 F,3 mph,0.0 in
2018-11-04,12:56 AM,56 F,3 mph,0.0 in
2018-11-04,1:56 AM,58 F,0 mph,0.0 in
2018-11-04,2:56 AM,66 F,0 mph,0.0 in
2018-11-04,3:56 AM,67 F,5 mph,0.0 in
2018-11-04,4:56 AM,69 F,3 mph,0.0 in
2018-11-04,5:56 AM,69 F,5 mph,0.0 in
2018-11-04,6:56 AM,77 F,7 mph,0.0 in
2018-11-04,7:56 AM,78 F,13 mph,0.0 in
2018-11-04,8:56 AM,77 F,10 mph,0.0 in
2018-11-04,9:56 AM,70 F,15 mph,0.0 in
2018-11-04,10:56 AM,67 F,13 mph,0.0 in
2018-11-04,11:56 AM,61 F,7 mph,0.0 in
2018-11-04,12:56 PM,59 F,6 mph,0.0 in
2018-11-04,1:56 PM,59 F,8 mph,0.0 in
2018-11-04,2:56 PM,58 F,7 mph,0.0 in
2018-11-04,3:56 PM,59 F,8 mph,0.0 in
2018-11-04,4:56 PM,58 F,7 mph,0.0 in
2018-11-05,5:56 PM,52 F,13 mph,0.0 in
2018-11-05,6:56 PM,53 F,9 mph,0.0 in
2018-11-05,7:56 PM,52 F,7 mph,0.0 in
2018-11-05,8:56 PM,53 F,5 mph,0.0 in
2018-11-05,9:56 PM,54 F,3 mph,0.0 in
2018-11-05,10:56 PM,52 F,7 mph,0.0 in
2018-11-05,11:56 PM,53 F,0 mph,0.0 in
2018-11-05,12:56 AM,57 F,3 mph,0.0 in
2018-11-05,1:56 AM,61 F,0 mph,0.0 in
2018-11-05,2:56 AM,63 F,0 mph,0.0 in
2018-11-05,3:56 AM,65 F,3 mph,0.0 in
2018-11-05,4:56 AM,70 F,14 mph,0.0 in
2018-11-05,5:56 AM,67 F,15 mph,0.0 in
2018-11-05,6:56 AM,67 F,18 mph,0.0 in
2018-11-05,7:56 AM,65 F,23 mph,0.0 in
2018-11-05,8:56 AM,61 F,20 mph,0.0 in
2018-11-05,9:56 AM,59 F,18 mph,0.0 in
2018-11-05,10:56 AM,58 F,17 mph,0.0 in
2018-11-05,11:56 AM,56 F,16 mph,0.0 in
2018-11-05,12:56 PM,56 F,10 mph,0.0 in
2018-11-05,1:56 PM,55 F,8 mph,0.0 in
2018-11-05,2:56 PM,53 F,3 mph,0.0 in
2018-11-05,3:56 PM,55 F,0 mph,0.0 in
2018-11-05,4:56 PM,53 F,0 mph,0.0 in
2018-11-06,5:56 PM,53 F,0 mph,0.0 in
2018-11-06,6:56 PM,50 F,0 mph,0.0 in
2018-11-06,7:56 PM,50 F,3 mph,0.0 in
2018-11-06,8:56 PM,50 F,3 mph,0.0 in
2018-11-06,9:56 PM,51 F,0 mph,0.0 in
2018-11-06,10:56 PM,50 F,0 mph,0.0 in
2018-11-06,11:56 PM,52 F,0 mph,0.0 in
2018-11-06,12:56 AM,56 F,0 mph,0.0 in
2018-11-06,1:56 AM,60 F,3 mph,0.0 in
2018-11-06,2:56 AM,62 F,5 mph,0.0 in
2018-11-06,3:56 AM,64 F,7 mph,0.0 in
2018-11-06,4:56 AM,66 F,6 mph,0.0 in
2018-11-06,5:56 AM,67 F,5 mph,0.0 in
2018-11-06,6:56 AM,68 F,3 mph,0.0 in
2018-11-06,7:56 AM,67 F,16 mph,0.0 in
2018-11-06,8:56 AM,67 F,14 mph,0.0 in
2018-11-06,9:56 AM,64 F,16 mph,0.0 in
2018-11-06,10:56 AM,60 F,15 mph,0.0 in
2018-11-06,11:56 AM,58 F,12 mph,0.0 in
2018-11-06,12:56 PM,59 F,6 mph,0.0 in
2018-11-06,1:56 PM,58 F,6 mph,0.0 in
2018-11-06,2:56 PM,55 F,9 mph,0.0 in
2018-11-06,3:56 PM,53 F,6 mph,0.0 in
2018-11-06,4:56 PM,52 F,7 mph,0.0 in
2018-11-07,5:56 PM,53 F,3 mph,0.0 in
2018-11-07,6:56 PM,50 F,8 mph,0.0 in
2018-11-07,7:56 PM,50 F,7 mph,0.0 in
2018-11-07,8:56 PM,50 F,3 mph,0.0 in
2018-11-07,9:56 PM,50 F,0 mph,0.0 in
2018-11-07,10:56 PM,50 F,0 mph,0.0 in
2018-11-07,11:56 PM,51 F,0 mph,0.0 in
2018-11-07,12:56 AM,55 F,0 mph,0.0 in
2018-11-07,1:56 AM,61 F,5 mph,0.0 in
2018-11-07,2:56 AM,61 F,5 mph,0.0 in
2018-11-07,3:56 AM,64 F,3 mph,0.0 in
2018-11-07,4:56 AM,65 F,3 mph,0.0 in
2018-11-07,5:56 AM,72 F,3 mph,0.0 in
2018-11-07,6:56 AM,69 F,5 mph,0.0 in
2018-11-07,7:56 AM,70 F,15 mph,0.0 in
2018-11-07,8:56 AM,67 F,17 mph,0.0 in
2018-11-07,9:56 AM,61 F,18 mph,0.0 in
2018-11-07,10:56 AM,58 F,16 mph,0.0 in
2018-11-07,11:56 AM,56 F,13 mph,0.0 in
2018-11-07,12:56 PM,58 F,0 mph,0.0 in
2018-11-07,1:56 PM,56 F,3 mph,0.0 in
2018-11-07,2:56 PM,56 F,0 mph,0.0 in
2018-11-07,3:56 PM,55 F,6 mph,0.0 in
2018-11-07,4:56 PM,53 F,5 mph,0.0 in
2018-11-08,5:56 PM,54 F,0 mph,0.0 in
2018-11-08,6:56 PM,53 F,0 mph,0.0 in
2018-11-08,7:56 PM,51 F,3 mph,0.0 in
2018-11-08,8:56 PM,50 F,5 mph,0.0 in
2018-11-08,9:56 PM,50 F,3 mph,0.0 in
2018-11-08,10:56 PM,50 F,3 mph,0.0 in
2018-11-08,11:56 PM,50 F,0 mph,0.0 in
2018-11-08,12:56 AM,55 F,5 mph,0.0 in
2018-11-08,1:56 AM,61 F,3 mph,0.0 in
2018-11-08,2:56 AM,64 F,7 mph,0.0 in
2018-11-08,3:56 AM,64 F,3 mph,0.0 in
2018-11-08,4:56 AM,67 F,6 mph,0.0 in
2018-11-08,5:56 AM,67 F,15 mph,0.0 in
2018-11-08,6:56 AM,67 F,9 mph,0.0 in
2018-11-08,7:56 AM,68 F,10 mph,0.0 in
2018-11-08,8:56 AM,67 F,8 mph,0.0 in
2018-11-08,9:56 AM,65 F,10 mph,0.0 in
2018-11-08,10:56 AM,65 F,6 mph,0.0 in
2018-11-08,11:56 AM,65 F,6 mph,0.0 in
2018-11-08,12:56 PM,60 F,7 mph,0.0 in
2018-11-08,1:56 PM,62 F,12 mph,0.0 in
2018-11-08,2:56 PM,61 F,10 mph,0.0 in
2018-11-08,3:56 PM,61 F,13 mph,0.0 in
2018-11-08,4:56 PM,63 F,13 mph,0.0 in
2018-11-09,5:56 PM,60 F,9 mph,0.0 in
2018-11-09,6:56 PM,58 F,9 mph,0.0 in
2018-11-09,7:56 PM,55 F,9 mph,0.0 in
2018-11-09,8:56 PM,55 F,7 mph,0.0 in
2018-11-09,9:56 PM,54 F,8 mph,0.0 in
2018-11-09,10:56 PM,51 F,8 mph,0.0 in
2018-11-09,11:56 PM,54 F,6 mph,0.0 in
2018-11-09,12:56 AM,54 F,7 mph,0.0 in
2018-11-09,1:56 AM,59 F,10 mph,0.0 in
2018-11-09,2:56 AM,61 F,8 mph,0.0 in
2018-11-09,3:56 AM,65 F,7 mph,0.0 in
2018-11-09,4:56 AM,65 F,3 mph,0.0 in
2018-11-09,5:56 AM,67 F,0 mph,0.0 in
2018-11-09,6:56 AM,67 F,3 mph,0.0 in
2018-11-09,7:56 AM,66 F,0 mph,0.0 in
2018-11-09,8:56 AM,66 F,3 mph,0.0 in
2018-11-09,9:56 AM,62 F,6 mph,0.0 in
2018-11-09,10:56 AM,58 F,0 mph,0.0 in
2018-11-09,11:56 AM,57 F,7 mph,0.0 in
2018-11-09,12:56 PM,53 F,5 mph,0.0 in
2018-11-09,1:56 PM,55 F,5 mph,0.0 in
2018-11-09,2:56 PM,52 F,5 mph,0.0 in
2018-11-09,3:56 PM,53 F,0 mph,0.0 in
2018-11-09,4:56 PM,51 F,3 mph,0.0 in
2018-11-10,5:56 PM,50 F,0 mph,0.0 in
2018-11-10,6:56 PM,50 F,3 mph,0.0 in
2018-11-10,7:56 PM,46 F,5 mph,0.0 in
2018-11-10,8:56 PM,44 F,5 mph,0.0 in
2018-11-10,9:56 PM,45 F,5 mph,0.0 in
2018-11-10,10:56 PM,47 F,7 mph,0.0 in
2018-11-10,11:56 PM,45 F,3 mph,0.0 in
2018-11-10,12:56 AM,48 F,0 mph,0.0 in
2018-11-10,1:56 AM,54 F,0 mph,0.0 in
2018-11-10,2:56 AM,56 F,0 mph,0.0 in
2018-11-10,3:56 AM,56 F,0 mph,0.0 in
2018-11-10,4:56 AM,58 F,0 mph,0.0 in
2018-11-10,5:56 AM,58 F,0 mph,0.0 in
2018-11-10,6:56 AM,59 F,0 mph,0.0 in
2018-11-10,7:56 AM,61 F,0 mph,0.0 in
2018-11-10,8:56 AM,62 F,0 mph,0.0 in
2018-11-10,9:56 AM,61 F,0 mph,0.0 in
2018-11-10,10:56 AM,56 F,0 mph,0.0 in
2018-11-10,11:56 AM,55 F,5 mph,0.0 in
2018-11-10,12:56 PM,53 F,0 mph,0.0 in
2018-11-10,1:56 PM,51 F,3 mph,0.0 in
2018-11-10,2:56 PM,54 F,6 mph,0.0 in
2018-11-10,3:56 PM,52 F,0 mph,0.0 in
2018-11-10,4:56 PM,52 F,5 mph,0.0 in
2018-11-11,5:56 PM,49 F,0 mph,0.0 in
2018-11-11,6:56 PM,47 F,5 mph,0.0 in
2018-11-11,7:56 PM,47 F,0 mph,0.0 in
2018-11-11,8:56 PM,44 F,0 mph,0.0 in
2018-11-11,9:56 PM,48 F,5 mph,0.0 in
2018-11-11,10:56 PM,42 F,0 mph,0.0 in
2018-11-11,11:56 PM,48 F,8 mph,0.0 in
2018-11-11,12:56 AM,58 F,9 mph,0.0 in
2018-11-11,1:56 AM,62 F,12 mph,0.0 in
2018-11-11,2:56 AM,61 F,8 mph,0.0 in
2018-11-11,3:56 AM,63 F,6 mph,0.0 in
2018-11-11,4:56 AM,65 F,8 mph,0.0 in
2018-11-11,5:56 AM,66 F,17 mph,0.0 in
2018-11-11,6:56 AM,66 F,15 mph,0.0 in
2018-11-11,7:56 AM,65 F,13 mph,0.0 in
2018-11-11,8:56 AM,64 F,7 mph,0.0 in
2018-11-11,9:56 AM,65 F,5 mph,0.0 in
2018-11-11,10:56 AM,61 F,0 mph,0.0 in
2018-11-11,11:56 AM,59 F,8 mph,0.0 in
2018-11-11,12:56 PM,60 F,0 mph,0.0 in
2018-11-11,1:56 PM,56 F,3 mph,0.0 in
2018-11-11,2:56 PM,53 F,3 mph,0.0 in
2018-11-11,3:56 PM,53 F,3 mph,0.0 in
2018-11-11,4:56 PM,50 F,0 mph,0.0 in
2018-11-12,5:56 PM,48 F,3 mph,0.0 in
2018-11-12,6:56 PM,48 F,0 mph,0.0 in
2018-11-12,7:56 PM,45 F,5 mph,0.0 in
2018-11-12,8:56 PM,44 F,0 mph,0.0 in
2018-11-12,9:56 PM,44 F,5 mph,0.0 in
2018-11-12,10:56 PM,44 F,0 mph,0.0 in
2018-11-12,11:56 PM,48 F,3 mph,0.0 in
2018-11-12,12:56 AM,50 F,7 mph,0.0 in
2018-11-12,1:56 AM,54 F,7 mph,0.0 in
2018-11-12,2:56 AM,58 F,3 mph,0.0 in
2018-11-12,3:56 AM,61 F,5 mph,0.0 in
2018-11-12,4:56 AM,62 F,0 mph,0.0 in
2018-11-12,5:56 AM,65 F,0 mph,0.0 in
2018-11-12,6:56 AM,65 F,3 mph,0.0 in
2018-11-12,7:56 AM,66 F,0 mph,0.0 in
2018-11-12,8:56 AM,65 F,0 mph,0.0 in
2018-11-12,9:56 AM,62 F,3 mph,0.0 in
2018-11-12,10:56 AM,60 F,3 mph,0.0 in
2018-11-12,11:56 AM,59 F,3 mph,0.0 in
2018-11-12,12:56 PM,56 F,0 mph,0.0 in
2018-11-12,1:56 PM,55 F,0 mph,0.0 in
2018-11-12,2:56 PM,55 F,0 mph,0.0 in
2018-11-12,3:56 PM,54 F,0 mph,0.0 in
2018-11-12,4:56 PM,51 F,0 mph,0.0 in
2018-11-13,5:56 PM,52 F,0 mph,0.0 in
2018-11-13,6:56 PM,48 F,3 mph,0.0 in
2018-11-13,7:56 PM,48 F,0 mph,0.0 in
2018-11-13,8:56 PM,47 F,3 mph,0.0 in
2018-11-13,9:56 PM,48 F,0 mph,0.0 in
2018-11-13,10:56 PM,47 F,3 mph,0.0 in
2018-11-13,11:56 PM,48 F,0 mph,0.0 in
2018-11-13,12:56 AM,53 F,0 mph,0.0 in
2018-11-13,1:56 AM,56 F,3 mph,0.0 in
2018-11-13,2:56 AM,55 F,0 mph,0.0 in
2018-11-13,3:56 AM,58 F,0 mph,0.0 in
2018-11-13,4:56 AM,60 F,0 mph,0.0 in
2018-11-13,5:56 AM,58 F,0 mph,0.0 in
2018-11-13,6:56 AM,59 F,3 mph,0.0 in
2018-11-13,7:56 AM,61 F,3 mph,0.0 in
2018-11-13,8:56 AM,60 F,0 mph,0.0 in
2018-11-13,9:56 AM,58 F,0 mph,0.0 in
2018-11-13,10:56 AM,58 F,0 mph,0.0 in
2018-11-13,11:56 AM,55 F,3 mph,0.0 in
2018-11-13,12:56 PM,56 F,3 mph,0.0 in
2018-11-13,1:56 PM,55 F,0 mph,0.0 in
2018-11-13,2:56 PM,55 F,0 mph,0.0 in
2018-11-13,3:56 PM,53 F,6 mph,0.0 in
2018-11-13,4:56 PM,54 F,0 mph,0.0 in
2018-11-14,5:56 PM,48 F,0 mph,0.0 in
2018-11-14,6:56 PM,47 F,7 mph,0.0 in
2018-11-14,7:56 PM,47 F,5 mph,0.0 in
2018-11-14,8:56 PM,46 F,0 mph,0.0 in
2018-11-14,9:56 PM,47 F,0 mph,0.0 in
2018-11-14,10:56 PM,47 F,3 mph,0.0 in
2018-11-14,11:56 PM,47 F,3 mph,0.0 in
2018-11-14,12:56 AM,51 F,3 mph,0.0 in
2018-11-14,1:56 AM,52 F,3 mph,0.0 in
2018-11-14,2:56 AM,56 F,0 mph,0.0 in
2018-11-14,3:56 AM,56 F,5 mph,0.0 in
2018-11-14,4:56 AM,59 F,5 mph,0.0 in
2018-11-14,5:56 AM,59 F,6 mph,0.0 in
2018-11-14,6:56 AM,62 F,5 mph,0.0 in
2018-11-14,7:56 AM,61 F,0 mph,0.0 in
2018-11-14,8:56 AM,61 F,0 mph,0.0 in
2018-11-14,9:56 AM,61 F,7 mph,0.0 in
2018-11-14,10:56 AM,59 F,9 mph,0.0 in
2018-11-14,11:56 AM,59 F,5 mph,0.0 in
2018-11-14,12:56 PM,55 F,5 mph,0.0 in
2018-11-14,1:56 PM,55 F,0 mph,0.0 in
2018-11-14,2:56 PM,54 F,3 mph,0.0 in
2018-11-14,3:56 PM,51 F,0 mph,0.0 in
2018-11-14,4:56 PM,49 F,5 mph,0.0 in
2018-11-15,5:56 PM,51 F,0 mph,0.0 in
2018-11-15,6:56 PM,47 F,5 mph,0.0 in
2018-11-15,7:56 PM,46 F,5 mph,0.0 in
2018-11-15,8:56 PM,44 F,3 mph,0.0 in
2018-11-15,9:56 PM,45 F,0 mph,0.0 in
2018-11-15,10:56 PM,44 F,3 mph,0.0 in
2018-11-15,11:56 PM,48 F,0 mph,0.0 in
2018-11-15,12:56 AM,47 F,5 mph,0.0 in
2018-11-15,1:56 AM,52 F,3 mph,0.0 in
2018-11-15,2:56 AM,54 F,0 mph,0.0 in
2018-11-15,3:56 AM,55 F,3 mph,0.0 in
2018-11-15,4:56 AM,58 F,0 mph,0.0 in
2018-11-15,5:56 AM,58 F,0 mph,0.0 in
2018-11-15,6:56 AM,61 F,5 mph,0.0 in
2018-11-15,7:56 AM,62 F,0 mph,0.0 in
2018-11-15,8:56 AM,60 F,3 mph,0.0 in
2018-11-15,9:56 AM,58 F,3 mph,0.0 in
2018-11-15,10:56 AM,58 F,3 mph,0.0 in
2018-11-15,11:56 AM,56 F,0 mph,0.0 in
2018-11-15,12:56 PM,53 F,0 mph,0.0 in
2018-11-15,1:56 PM,53 F,3 mph,0.0 in
2018-11-15,2:56 PM,53 F,3 mph,0.0 in
2018-11-15,3:56 PM,50 F,5 mph,0.0 in
2018-11-15,4:56 PM,51 F,0 mph,0.0 in
2018-11-16,5:56 PM,54 F,3 mph,0.0 in
2018-11-16,6:56 PM,47 F,3 mph,0.0 in
2018-11-16,7:56 PM,47 F,0 mph,0.0 in
2018-11-16,8:56 PM,46 F,0 mph,0.0 in
2018-11-16,9:56 PM,48 F,3 mph,0.0 in
2018-11-16,10:56 PM,45 F,0 mph,0.0 in
2018-11-16,11:56 PM,48 F,3 mph,0.0 in
2018-11-16,12:56 AM,47 F,3 mph,0.0 in
2018-11-16,1:56 AM,53 F,6 mph,0.0 in
2018-11-16,2:56 AM,55 F,3 mph,0.0 in
2018-11-16,3:56 AM,59 F,5 mph,0.0 in
2018-11-16,4:56 AM,60 F,3 mph,0.0 in
2018-11-16,5:56 AM,61 F,5 mph,0.0 in
2018-11-16,6:56 AM,61 F,6 mph,0.0 in
2018-11-16,7:56 AM,61 F,0 mph,0.0 in
2018-11-16,8:56 AM,61 F,0 mph,0.0 in
2018-11-16,9:56 AM,58 F,3 mph,0.0 in
2018-11-16,10:56 AM,58 F,0 mph,0.0 in
2018-11-16,11:56 AM,54 F,9 mph,0.0 in
2018-11-16,12:56 PM,54 F,6 mph,0.0 in
2018-11-16,1:56 PM,53 F,6 mph,0.0 in
2018-11-16,2:56 PM,53 F,0 mph,0.0 in
2018-11-16,3:56 PM,50 F,3 mph,0.0 in
2018-11-16,4:56 PM,50 F,6 mph,0.0 in
2018-11-17,5:56 PM,50 F,6 mph,0.0 in
2018-11-17,6:56 PM,48 F,6 mph,0.0 in
2018-11-17,7:56 PM,46 F,7 mph,0.0 in
2018-11-17,8:56 PM,48 F,6 mph,0.0 in
2018-11-17,9:56 PM,45 F,3 mph,0.0 in
2018-11-17,10:56 PM,44 F,0 mph,0.0 in
2018-11-17,11:56 PM,48 F,5 mph,0.0 in
2018-11-17,12:56 AM,47 F,3 mph,0.0 in
2018-11-17,1:56 AM,52 F,0 mph,0.0 in
2018-11-17,2:56 AM,56 F,9 mph,0.0 in
2018-11-17,3:56 AM,58 F,8 mph,0.0 in
2018-11-17,4:56 AM,58 F,8 mph,0.0 in
2018-11-17,5:56 AM,59 F,8 mph,0.0 in
2018-11-17,6:56 AM,59 F,14 mph,0.0 in
2018-11-17,7:56 AM,58 F,14 mph,0.0 in
2018-11-17,8:56 AM,56 F,13 mph,0.0 in
2018-11-17,9:56 AM,53 F,13 mph,0.0 in
2018-11-17,10:56 AM,53 F,12 mph,0.0 in
2018-11-17,11:56 AM,53 F,9 mph,0.0 in
2018-11-17,12:56 PM,52 F,9 mph,0.0 in
2018-11-17,1:56 PM,50 F,8 mph,0.0 in
2018-11-17,2:56 PM,50 F,6 mph,0.0 in
2018-11-17,3:56 PM,50 F,5 mph,0.0 in
2018-11-17,4:56 PM,49 F,3 mph,0.0 in
2018-11-18,5:56 PM,47 F,0 mph,0.0 in
2018-11-18,6:56 PM,48 F,5 mph,0.0 in
2018-11-18,7:56 PM,45 F,5 mph,0.0 in
2018-11-18,8:56 PM,45 F,0 mph,0.0 in
2018-11-18,9:56 PM,47 F,3 mph,0.0 in
2018-11-18,10:56 PM,49 F,0 mph,0.0 in
2018-11-18,11:56 PM,50 F,0 mph,0.0 in
2018-11-18,12:56 AM,49 F,5 mph,0.0 in
2018-11-18,1:56 AM,48 F,8 mph,0.0 in
2018-11-18,2:56 AM,50 F,10 mph,0.0 in
2018-11-18,3:56 AM,50 F,7 mph,0.0 in
2018-11-18,4:56 AM,53 F,3 mph,0.0 in
2018-11-18,5:56 AM,55 F,6 mph,0.0 in
2018-11-18,6:56 AM,56 F,8 mph,0.0 in
2018-11-18,7:56 AM,55 F,3 mph,0.0 in
2018-11-18,8:56 AM,55 F,6 mph,0.0 in
2018-11-18,9:56 AM,56 F,3 mph,0.0 in
2018-11-18,10:56 AM,53 F,7 mph,0.0 in
2018-11-18,11:56 AM,54 F,8 mph,0.0 in
2018-11-18,12:56 PM,52 F,6 mph,0.0 in
2018-11-18,1:56 PM,50 F,5 mph,0.0 in
2018-11-18,2:56 PM,50 F,0 mph,0.0 in
2018-11-18,3:56 PM,50 F,0 mph,0.0 in
2018-11-18,4:56 PM,50 F,0 mph,0.0 in
2018-11-19,5:56 PM,50 F,3 mph,0.0 in
2018-11-19,6:56 PM,48 F,0 mph,0.0 in
2018-11-19,7:56 PM,45 F,5 mph,0.0 in
2018-11-19,8:56 PM,45 F,5 mph,0.0 in
2018-11-19,9:56 PM,47 F,3 mph,0.0 in
2018-11-19,10:56 PM,48 F,3 mph,0.0 in
2018-11-19,11:56 PM,49 F,3 mph,0.0 in
2018-11-19,12:56 AM,50 F,3 mph,0.0 in
2018-11-19,1:56 AM,53 F,7 mph,0.0 in
2018-11-19,2:56 AM,58 F,7 mph,0.0 in
2018-11-19,3:56 AM,60 F,6 mph,0.0 in
2018-11-19,4:56 AM,61 F,0 mph,0.0 in
2018-11-19,5:56 AM,60 F,5 mph,0.0 in
2018-11-19,6:56 AM,58 F,5 mph,0.0 in
2018-11-19,7:56 AM,60 F,0 mph,0.0 in
2018-11-19,8:56 AM,60 F,0 mph,0.0 in
2018-11-19,9:56 AM,61 F,0 mph,0.0 in
2018-11-19,10:56 AM,58 F,0 mph,0.0 in
2018-11-19,11:56 AM,56 F,3 mph,0.0 in
2018-11-19,12:56 PM,55 F,0 mph,0.0 in
2018-11-19,1:56 PM,56 F,0 mph,0.0 in
2018-11-19,2:56 PM,52 F,0 mph,0.0 in
2018-11-19,3:56 PM,50 F,5 mph,0.0 in
2018-11-19,4:56 PM,52 F,5 mph,0.0 in
2018-11-20,5:56 PM,48 F,3 mph,0.0 in
2018-11-20,6:56 PM,47 F,0 mph,0.0 in
2018-11-20,7:56 PM,49 F,0 mph,0.0 in
2018-11-20,8:56 PM,47 F,3 mph,0.0 in
2018-11-20,9:56 PM,46 F,0 mph,0.0 in
2018-11-20,10:56 PM,44 F,0 mph,0.0 in
2018-11-20,11:56 PM,47 F,0 mph,0.0 in
2018-11-20,12:56 AM,51 F,0 mph,0.0 in
2018-11-20,1:56 AM,53 F,3 mph,0.0 in
2018-11-20,2:56 AM,56 F,0 mph,0.0 in
2018-11-20,3:56 AM,57 F,5 mph,0.0 in
2018-11-20,4:56 AM,59 F,5 mph,0.0 in
2018-11-20,5:56 AM,58 F,3 mph,0.0 in
2018-11-20,6:56 AM,59 F,3 mph,0.0 in
2018-11-20,7:56 AM,59 F,5 mph,0.0 in
2018-11-20,8:56 AM,59 F,0 mph,0.0 in
2018-11-20,9:56 AM,61 F,0 mph,0.0 in
2018-11-20,10:56 AM,59 F,0 mph,0.0 in
2018-11-20,11:56 AM,56 F,5 mph,0.0 in
2018-11-20,12:56 PM,56 F,0 mph,0.0 in
2018-11-20,1:56 PM,57 F,0 mph,0.0 in
2018-11-20,2:56 PM,55 F,3 mph,0.0 in
2018-11-20,3:56 PM,56 F,3 mph,0.0 in
2018-11-20,4:56 PM,56 F,0 mph,0.0 in
2018-11-21,5:56 PM,56 F,6 mph,0.0 in
2018-11-21,6:56 PM,56 F,0 mph,0.0 in
2018-11-21,7:56 PM,56 F,0 mph,0.0 in
2018-11-21,8:56 PM,56 F,0 mph,0.0 in
2018-11-21,9:56 PM,56 F,3 mph,0.0 in
2018-11-21,10:56 PM,57 F,8 mph,0.0 in
2018-11-21,11:56 PM,57 F,8 mph,0.0 in
2018-11-21,12:56 AM,58 F,7 mph,0.0 in
2018-11-21,1:56 AM,57 F,0 mph,0.2 in
2018-11-21,2:56 AM,56 F,3 mph,0.1 in
2018-11-21,3:56 AM,59 F,5 mph,0.0 in
2018-11-21,4:56 AM,58 F,9 mph,0.0 in
2018-11-21,5:56 AM,58 F,7 mph,0.0 in
2018-11-21,6:56 AM,59 F,7 mph,0.2 in
2018-11-21,7:56 AM,58 F,3 mph,0.1 in
2018-11-21,8:56 AM,59 F,5 mph,0.1 in
2018-11-21,9:56 AM,60 F,7 mph,0.0 in
2018-11-21,10:56 AM,60 F,7 mph,0.0 in
2018-11-21,11:56 AM,59 F,5 mph,0.0 in
2018-11-21,12:56 PM,58 F,7 mph,0.0 in
2018-11-21,1:56 PM,58 F,6 mph,0.0 in
2018-11-21,2:56 PM,58 F,6 mph,0.0 in
2018-11-21,3:56 PM,59 F,9 mph,0.0 in
2018-11-21,4:56 PM,58 F,7 mph,0.0 in
2018-11-22,5:56 PM,58 F,5 mph,0.0 in
2018-11-22,6:56 PM,59 F,8 mph,0.0 in
2018-11-22,7:56 PM,58 F,14 mph,0.0 in
2018-11-22,8:56 PM,56 F,10 mph,0.0 in
2018-11-22,9:56 PM,56 F,12 mph,0.0 in
2018-11-22,10:56 PM,56 F,8 mph,0.0 in
2018-11-22,11:56 PM,55 F,8 mph,0.0 in
2018-11-22,12:56 AM,55 F,6 mph,0.0 in
2018-11-22,1:56 AM,58 F,9 mph,0.0 in
2018-11-22,2:56 AM,58 F,12 mph,0.0 in
2018-11-22,3:56 AM,61 F,10 mph,0.0 in
2018-11-22,4:56 AM,61 F,9 mph,0.0 in
2018-11-22,5:56 AM,62 F,13 mph,0.0 in
2018-11-22,6:56 AM,61 F,13 mph,0.0 in
2018-11-22,7:56 AM,61 F,18 mph,0.0 in
2018-11-22,8:56 AM,60 F,15 mph,0.0 in
2018-11-22,9:56 AM,58 F,15 mph,0.0 in
2018-11-22,10:56 AM,59 F,9 mph,0.0 in
2018-11-22,11:56 AM,56 F,12 mph,0.1 in
2018-11-22,12:56 PM,58 F,12 mph,0.1 in
2018-11-22,1:56 PM,59 F,17 mph,0.1 in
2018-11-22,2:56 PM,59 F,15 mph,0.2 in
2018-11-22,3:56 PM,58 F,14 mph,0.0 in
2018-11-22,4:56 PM,58 F,8 mph,0.0 in
2018-11-23,5:56 PM,60 F,6 mph,0.0 in
2018-11-23,6:56 PM,58 F,7 mph,0.0 in
2018-11-23,7:56 PM,56 F,8 mph,0.0 in
2018-11-23,8:56 PM,55 F,3 mph,0.0 in
2018-11-23,9:56 PM,55 F,0 mph,0.0 in
2018-11-23,10:56 PM,56 F,5 mph,0.0 in
2018-11-23,11:56 PM,55 F,3 mph,0.0 in
2018-11-23,12:56 AM,58 F,7 mph,0.0 in
2018-11-23,1:56 AM,59 F,7 mph,0.0 in
2018-11-23,2:56 AM,60 F,12 mph,0.0 in
2018-11-23,3:56 AM,60 F,13 mph,0.0 in
2018-11-23,4:56 AM,61 F,17 mph,0.1 in
2018-11-23,5:56 AM,61 F,16 mph,0.0 in
2018-11-23,6:56 AM,61 F,16 mph,0.0 in
2018-11-23,7:56 AM,61 F,15 mph,0.0 in
2018-11-23,8:56 AM,61 F,16 mph,0.1 in
2018-11-23,9:56 AM,61 F,16 mph,0.0 in
2018-11-23,10:56 AM,61 F,15 mph,0.0 in
2018-11-23,11:56 AM,61 F,14 mph,0.0 in
2018-11-23,12:56 PM,61 F,14 mph,0.0 in
2018-11-23,1:56 PM,61 F,14 mph,0.0 in
2018-11-23,2:56 PM,61 F,17 mph,0.0 in
2018-11-23,3:56 PM,61 F,15 mph,0.0 in
2018-11-23,4:56 PM,61 F,16 mph,0.0 in
2018-11-24,5:56 PM,60 F,10 mph,0.0 in
2018-11-24,6:56 PM,60 F,7 mph,0.0 in
2018-11-24,7:56 PM,59 F,7 mph,0.0 in
2018-11-24,8:56 PM,58 F,13 mph,0.0 in
2018-11-24,9:56 PM,59 F,10 mph,0.0 in
2018-11-24,10:56 PM,58 F,13 mph,0.0 in
2018-11-24,11:56 PM,57 F,8 mph,0.0 in
2018-11-24,12:56 AM,58 F,7 mph,0.0 in
2018-11-24,1:56 AM,58 F,8 mph,0.0 in
2018-11-24,2:56 AM,59 F,14 mph,0.0 in
2018-11-24,3:56 AM,61 F,14 mph,0.0 in
2018-11-24,4:56 AM,59 F,9 mph,0.0 in
2018-11-24,5:56 AM,61 F,15 mph,0.0 in
2018-11-24,6:56 AM,58 F,13 mph,0.0 in
2018-11-24,7:56 AM,58 F,18 mph,0.0 in
2018-11-24,8:56 AM,58 F,20 mph,0.0 in
2018-11-24,9:56 AM,56 F,15 mph,0.0 in
2018-11-24,10:56 AM,56 F,9 mph,0.0 in
2018-11-24,11:56 AM,55 F,9 mph,0.0 in
2018-11-24,12:56 PM,55 F,3 mph,0.0 in
2018-11-24,1:56 PM,52 F,5 mph,0.0 in
2018-11-24,2:56 PM,52 F,9 mph,0.0 in
2018-11-24,3:56 PM,54 F,6 mph,0.0 in
2018-11-24,4:56 PM,52 F,3 mph,0.0 in
2018-11-25,5:56 PM,53 F,7 mph,0.0 in
2018-11-25,6:56 PM,52 F,3 mph,0.0 in
2018-11-25,7:56 PM,51 F,5 mph,0.0 in
2018-11-25,8:56 PM,50 F,0 mph,0.0 in
2018-11-25,9:56 PM,50 F,0 mph,0.0 in
2018-11-25,10:56 PM,50 F,3 mph,0.0 in
2018-11-25,11:56 PM,50 F,3 mph,0.0 in
2018-11-25,12:56 AM,53 F,3 mph,0.0 in
2018-11-25,1:56 AM,53 F,0 mph,0.0 in
2018-11-25,2:56 AM,53 F,0 mph,0.0 in
2018-11-25,3:56 AM,56 F,3 mph,0.0 in
2018-11-25,4:56 AM,55 F,6 mph,0.0 in
2018-11-25,5:56 AM,58 F,3 mph,0.0 in
2018-11-25,6:56 AM,60 F,3 mph,0.0 in
2018-11-25,7:56 AM,61 F,7 mph,0.0 in
2018-11-25,8:56 AM,58 F,15 mph,0.0 in
2018-11-25,9:56 AM,55 F,12 mph,0.0 in
2018-11-25,10:56 AM,56 F,7 mph,0.0 in
2018-11-25,11:56 AM,56 F,8 mph,0.0 in
2018-11-25,12:56 PM,56 F,0 mph,0.0 in
2018-11-25,1:56 PM,55 F,8 mph,0.0 in
2018-11-25,2:56 PM,56 F,0 mph,0.0 in
2018-11-25,3:56 PM,53 F,0 mph,0.0 in
2018-11-25,4:56 PM,53 F,0 mph,0.0 in
2018-11-26,5:56 PM,52 F,0 mph,0.0 in
2018-11-26,6:56 PM,51 F,0 mph,0.0 in
2018-11-26,7:56 PM,50 F,0 mph,0.0 in
2018-11-26,8:56 PM,49 F,3 mph,0.0 in
2018-11-26,9:56 PM,49 F,3 mph,0.0 in
2018-11-26,10:56 PM,51 F,3 mph,0.0 in
2018-11-26,11:56 PM,49 F,5 mph,0.0 in
2018-11-26,12:56 AM,52 F,3 mph,0.0 in
2018-11-26,1:56 AM,54 F,3 mph,0.0 in
2018-11-26,2:56 AM,55 F,0 mph,0.0 in
2018-11-26,3:56 AM,57 F,6 mph,0.0 in
2018-11-26,4:56 AM,57 F,5 mph,0.0 in
2018-11-26,5:56 AM,57 F,3 mph,0.0 in
2018-11-26,6:56 AM,59 F,3 mph,0.0 in
2018-11-26,7:56 AM,60 F,0 mph,0.0 in
2018-11-26,8:56 AM,62 F,5 mph,0.0 in
2018-11-26,9:56 AM,58 F,13 mph,0.0 in
2018-11-26,10:56 AM,58 F,7 mph,0.0 in
2018-11-26,11:56 AM,58 F,7 mph,0.0 in
2018-11-26,12:56 PM,58 F,10 mph,0.0 in
2018-11-26,1:56 PM,56 F,7 mph,0.0 in
2018-11-26,2:56 PM,55 F,3 mph,0.0 in
2018-11-26,3:56 PM,56 F,6 mph,0.0 in
2018-11-26,4:56 PM,54 F,9 mph,0.0 in
2018-11-27,5:56 PM,55 F,13 mph,0.0 in
2018-11-27,6:56 PM,55 F,10 mph,0.0 in
2018-11-27,7:56 PM,54 F,8 mph,0.0 in
2018-11-27,8:56 PM,52 F,0 mph,0.0 in
2018-11-27,9:56 PM,52 F,9 mph,0.0 in
2018-11-27,10:56 PM,51 F,8 mph,0.0 in
2018-11-27,11:56 PM,55 F,6 mph,0.0 in
2018-11-27,12:56 AM,56 F,0 mph,0.0 in
2018-11-27,1:56 AM,55 F,5 mph,0.0 in
2018-11-27,2:56 AM,58 F,7 mph,0.0 in
2018-11-27,3:56 AM,58 F,8 mph,0.0 in
2018-11-27,4:56 AM,58 F,12 mph,0.0 in
2018-11-27,5:56 AM,58 F,10 mph,0.0 in
2018-11-27,6:56 AM,58 F,10 mph,0.0 in
2018-11-27,7:56 AM,58 F,13 mph,0.0 in
2018-11-27,8:56 AM,58 F,6 mph,0.0 in
2018-11-27,9:56 AM,58 F,7 mph,0.0 in
2018-11-27,10:56 AM,58 F,8 mph,0.0 in
2018-11-27,11:56 AM,58 F,7 mph,0.0 in
2018-11-27,12:56 PM,59 F,5 mph,0.0 in
2018-11-27,1:56 PM,58 F,5 mph,0.0 in
2018-11-27,2:56 PM,59 F,3 mph,0.0 in
2018-11-27,3:56 PM,59 F,3 mph,0.0 in
2018-11-27,4:56 PM,60 F,5 mph,0.0 in
2018-11-28,5:56 PM,59 F,0 mph,0.0 in
2018-11-28,6:56 PM,58 F,3 mph,0.0 in
2018-11-28,7:56 PM,58 F,5 mph,0.0 in
2018-11-28,8:56 PM,58 F,6 mph,0.0 in
2018-11-28,9:56 PM,58 F,5 mph,0.0 in
2018-11-28,10:56 PM,58 F,5 mph,0.0 in
2018-11-28,11:56 PM,58 F,7 mph,0.1 in
2018-11-28,12:56 AM,58 F,7 mph,0.0 in
2018-11-28,1:56 AM,58 F,9 mph,0.0 in
2018-11-28,2:56 AM,61 F,10 mph,0.0 in
2018-11-28,3:56 AM,61 F,12 mph,0.0 in
2018-11-28,4:56 AM,62 F,10 mph,0.0 in
2018-11-28,5:56 AM,61 F,3 mph,0.0 in
2018-11-28,6:56 AM,62 F,6 mph,0.0 in
2018-11-28,7:56 AM,63 F,8 mph,0.0 in
2018-11-28,8:56 AM,60 F,8 mph,0.0 in
2018-11-28,9:56 AM,58 F,3 mph,0.0 in
2018-11-28,10:56 AM,61 F,3 mph,0.0 in
2018-11-28,11:56 AM,60 F,8 mph,0.0 in
2018-11-28,12:56 PM,58 F,12 mph,0.0 in
2018-11-28,1:56 PM,58 F,15 mph,0.0 in
2018-11-28,2:56 PM,56 F,0 mph,0.4 in
2018-11-28,3:56 PM,60 F,31 mph,0.3 in
2018-11-28,4:56 PM,59 F,17 mph,0.2 in
2018-11-29,5:56 PM,58 F,26 mph,0.2 in
2018-11-29,6:56 PM,59 F,21 mph,0.0 in
2018-11-29,7:56 PM,58 F,17 mph,0.0 in
2018-11-29,8:56 PM,58 F,25 mph,0.0 in
2018-11-29,9:56 PM,60 F,24 mph,0.0 in
2018-11-29,10:56 PM,60 F,28 mph,0.0 in
2018-11-29,11:56 PM,58 F,30 mph,0.0 in
2018-11-29,12:56 AM,58 F,29 mph,0.1 in
2018-11-29,1:56 AM,58 F,18 mph,0.0 in
2018-11-29,2:56 AM,58 F,14 mph,0.0 in
2018-11-29,3:56 AM,58 F,13 mph,0.0 in
2018-11-29,4:56 AM,59 F,16 mph,0.0 in
2018-11-29,5:56 AM,59 F,18 mph,0.0 in
2018-11-29,6:56 AM,59 F,20 mph,0.0 in
2018-11-29,7:56 AM,59 F,17 mph,0.0 in
2018-11-29,8:56 AM,55 F,17 mph,0.0 in
2018-11-29,9:56 AM,56 F,21 mph,0.0 in
2018-11-29,10:56 AM,56 F,21 mph,0.0 in
2018-11-29,11:56 AM,56 F,26 mph,0.0 in
2018-11-29,12:56 PM,56 F,23 mph,0.0 in
2018-11-29,1:56 PM,56 F,24 mph,0.0 in
2018-11-29,2:56 PM,56 F,29 mph,0.0 in
2018-11-29,3:56 PM,55 F,23 mph,0.0 in
2018-11-29,4:56 PM,55 F,24 mph,0.0 in
2018-11-30,5:56 PM,55 F,23 mph,0.0 in
2018-11-30,6:56 PM,55 F,21 mph,0.0 in
2018-11-30,7:56 PM,53 F,16 mph,0.0 in
2018-11-30,8:56 PM,54 F,21 mph,0.0 in
2018-11-30,9:56 PM,54 F,23 mph,0.0 in
2018-11-30,10:56 PM,54 F,12 mph,0.0 in
2018-11-30,11:56 PM,53 F,15 mph,0.0 in
2018-11-30,12:56 AM,54 F,17 mph,0.0 in
2018-11-30,1:56 AM,56 F,15 mph,0.0 in
2018-11-30,2:56 AM,59 F,15 mph,0.0 in
2018-11-30,3:56 AM,59 F,20 mph,0.0 in
2018-11-30,4:56 AM,59 F,17 mph,0.0 in
2018-11-30,5:56 AM,59 F,18 mph,0.0 in
2018-11-30,6:56 AM,58 F,23 mph,0.0 in
2018-11-30,7:56 AM,60 F,20 mph,0.0 in
2018-11-30,8:56 AM,57 F,20 mph,0.0 in
2018-11-30,9:56 AM,56 F,14 mph,0.0 in
2018-11-30,10:56 AM,55 F,20 mph,0.0 in
2018-11-30,11:56 AM,54 F,18 mph,0.0 in
2018-11-30,12:56 PM,54 F,9 mph,0.0 in
2018-11-30,1:56 PM,54 F,10 mph,0.0 in
2018-11-30,2:56 PM,54 F,0 mph,0.0 in
2018-11-30,3:56 PM,51 F,5 mph,0.0 in
2018-11-30,4:56 PM,51 F,7 mph,0.0 in